{"learner":{"attributes":{"scikit_learn":"{\"_estimator_type\": \"classifier\"}"},"feature_names":["size","train_severe","police_force_majority_vote","accident_severity_majority_vote","day_of_week_majority_vote","local_authority_district_majority_vote","local_authority_ons_district_majority_vote","local_authority_highway_majority_vote","first_road_class_majority_vote","road_type_majority_vote","junction_detail_majority_vote","junction_control_majority_vote","second_road_class_majority_vote","pedestrian_crossing_human_control_majority_vote","pedestrian_crossing_physical_facilities_majority_vote","light_conditions_majority_vote","weather_conditions_majority_vote","road_surface_conditions_majority_vote","carriageway_hazards_majority_vote","urban_or_rural_area_majority_vote","did_police_officer_attend_scene_of_accident_majority_vote","trunk_road_flag_majority_vote"],"feature_types":["int","int","c","c","c","c","c","c","c","c","c","c","c","c","c","c","c","c","c","c","c","c"],"gradient_booster":{"model":{"gbtree_model_param":{"num_parallel_tree":"1","num_trees":"10"},"iteration_indptr":[0,1,2,3,4,5,6,7,8,9,10],"tree_info":[0,0,0,0,0,0,0,0,0,0],"trees":[{"base_weights":[-4.1728616E-1,-5.716549E-1,7.1337634E-1,-2.0003302E-1,-8.8259466E-2,1.3526322E-1,6.883688E-1],"categories":[],"categories_nodes":[],"categories_segments":[],"categories_sizes":[],"default_left":[0,0,0,0,0,0,0],"id":0,"left_children":[1,3,5,-1,-1,-1,-1],"loss_changes":[5.186339E3,6.8978613E2,1.4806124E3,0E0,0E0,0E0,0E0],"parents":[2147483647,0,0,1,1,2,2],"right_children":[2,4,6,-1,-1,-1,-1],"split_conditions":[8E0,5E0,1.8E1,-2.0003302E-1,-8.8259466E-2,1.3526322E-1,6.883688E-1],"split_indices":[0,0,0,0,0,0,0],"split_type":[0,0,0,0,0,0,0],"sum_hessian":[2.9711168E4,2.6142447E4,3.5687202E3,1.946706E4,6.6753877E3,3.0617175E3,5.0700256E2],"tree_param":{"num_deleted":"0","num_feature":"22","num_nodes":"7","size_leaf_vector":"1"}},{"base_weights":[-3.301692E-1,-4.845971E-1,3.1767553E-1,-5.7462227E-2,-1.6420773E-1,2.1026573E-1,-7.870599E-3],"categories":[0,1,4,6,8,9,10,11,12,13,14,15,16,17,18,19,20,21,22,23,24,25,26,27,28,29,30,31,32,33,34,35,36,37,39,40,41,42,43,44,45,46,47,48,49,51,52,53,54,55,56,57,58,59,60,61,62,63,64,65,66,67,69,70,72,73,74,76,77,79,80,81,82,83,84,86,87,88,89,90,91,93,94,95,96,97,98,99,100,101,103,104,105,107,108,109,111,112,113,114,116,117,120,121,122,123,124,125,126,127,129,130,131,132,134,135,136,137,140,141,142,143,144,146,147,151,152,153,155,157,158,159,160,161,162,163,164,165,166,167,169,170,171,176,177,179,180,181,183,184,185,187,188,189,191,192,193,194,195,196,198,199,200,201,202,203,204,205,206,207,208,209,210,211,212,213,214,215,216,217,218,219,220,222,223,224,225,226,227,228,229,230,231,232,233,234,236,237,238,239,240,244,245,247,248,249,250,253,254,255,256,257,258,259,260,261,262,263,264,266,267,268,270,271,272,274,275,276,277,278,279,280,282,284,285,286,287,288,289,290,291,292,293,294,295,296,297,298,299,301,302,303,304,305,306,307,308,309,311,313,314,315,316,317,318,319,320,321,322,323,324,325,326,327,328,329,330,331,332,333,334,335,336,337,338,339,340,341,343,344,345,346,347,348,350,351,352,353,354,355,356,357,359,360,361,362,363,364,365,366,367,368,369,370,371,372,373,374,375,378,379,380,381,382,384,385,386,387,389,391,393,394,0,1,2,3,4,5,6,7,8,9,10,11,12,13,14,15,16,17,18,19,21,22,23,25,26,27,28,29,30,31,32,34,35,36,37,39,40,41,43,45,46,47,48,49,50,51,52,56,57,58,59,60,61,62,63,64,65,66,68,70,71,72,73,74,75,76,77,80,81,82,83,84,85,87,88,89,90,91,92,93,94,95,96,97,98,99,100,101,102,103,104,105,106,107,108,109,110,111,112,113,114,116,117,118,119,120,121,122,124,125,126,127,128,130,131,132,133,134,137,138,140,141,142,143,144,146,147,148,149,150,151,153,154,156,158,159,160,162,163,164,165,166,167,168,169,170,171,173,174,176,177,178,179,181,183,185,187,188,189,191,193,196,197,199,200,201,202,203,204,206,207,208,210,211,212,213,214,215,216,217,218,219,220,221,222,224,225,226,228,229,230,231,232,233,234,235,236,237,238,239,240,242,244,245,246,247,248,249,250,251,252,253,254,255,256,257,258,259,260,261,262,264,265,266,267,268,269,270,271,272,273,274,275,277,278,279,280,281,282,283,284,285,286,287,288,289,290,291,293,294,295,296,297,298,299,300,301,302,303,304,305,306,307,308,309,310,311,312,313,314,315,316,317,318,320,321,322,323,324,328,329,330,332,333,334,335,336,337,338,340,341,342,343,344,345,346,347,348,349,350,351,352,353,355,356,357,358,359,360,361,362,363,364,366,367,368,369,370,371,372,373,376,377,378,379,380,381,382,383,384,385,387,388,389,392,393,394,395,396,398,400,402,404,405,407,408,409,410,411,412,413,414],"categories_nodes":[1,2],"categories_segments":[0,332],"categories_sizes":[332,352],"default_left":[0,0,0,0,0,0,0],"id":1,"left_children":[1,3,5,-1,-1,-1,-1],"loss_changes":[2.7390325E3,4.0650732E2,6.9458276E2,0E0,0E0,0E0,0E0],"parents":[2147483647,0,0,1,1,2,2],"right_children":[2,4,6,-1,-1,-1,-1],"split_conditions":[7E0,NaN,NaN,-5.7462227E-2,-1.6420773E-1,2.1026573E-1,-7.870599E-3],"split_indices":[0,6,5,0,0,0,0],"split_type":[0,1,1,0,0,0,0],"sum_hessian":[2.7375383E4,2.2106152E4,5.26923E3,3.899969E3,1.8206184E4,2.491729E3,2.7775012E3],"tree_param":{"num_deleted":"0","num_feature":"22","num_nodes":"7","size_leaf_vector":"1"}},{"base_weights":[-2.5613937E-1,-3.4336045E-1,4.9655637E-1,-1.5752274E-1,-5.7510488E-2,1.160187E-1,4.2454937E-1],"categories":[],"categories_nodes":[],"categories_segments":[],"categories_sizes":[],"default_left":[0,0,0,0,0,0,0],"id":2,"left_children":[1,3,5,-1,-1,-1,-1],"loss_changes":[1.673926E3,6.295576E2,2.6659595E2,0E0,0E0,0E0,0E0],"parents":[2147483647,0,0,1,1,2,2],"right_children":[2,4,6,-1,-1,-1,-1],"split_conditions":[1E1,4E0,2.7E1,-1.5752274E-1,-5.7510488E-2,1.160187E-1,4.2454937E-1],"split_indices":[0,0,0,0,0,0,0],"split_type":[0,0,0,0,0,0,0],"sum_hessian":[2.549377E4,2.2846857E4,2.646911E3,1.0392389E4,1.2454469E4,2.3655146E3,2.8139633E2],"tree_param":{"num_deleted":"0","num_feature":"22","num_nodes":"7","size_leaf_vector":"1"}},{"base_weights":[-1.9544628E-1,-3.3494624E-1,1.2463747E-1,-4.836482E-2,-1.302668E-1,9.72623E-2,-3.8980976E-2],"categories":[4,6,7,8,9,13,14,16,17,19,21,22,23,24,25,29,31,32,33,36,37,38,39,40,41,42,43,45,46,47,48,49,50,51,52,53,54,55,56,61,62,63,64,65,66,69,70,72,76,77,78,79,80,81,82,83,84,85,89,91,92,93,95,97,98,99,100,102,103,104,105,106,107,108,109,110,111,112,114,115,117,118,119,121,123,124,125,127,129,133,135,136,140,141,142,144,145,146,147,148,149,150,151,155,156,157,158,159,160,161,162,167,168,169,170,171,172,173,174,175,176,177,178,179,180,181,182,183,185,187,188,190,192,193,194,197,198,199,201,202,203,204,205,206,1,2,3,4,9,13,14,16,19,21,22,23,24,25,26,29,31,32,33,34,36,37,39,41,42,43,44,45,46,47,48,49,50,51,54,55,56,57,59,61,62,63,64,65,66,67,69,70,72,76,77,78,79,80,82,84,85,86,89,92,93,95,97,98,99,100,102,103,105,106,107,108,109,110,111,112,113,114,117,119,120,122,123,124,126,127,128,129,130,131,133,134,135,139,140,141,142,143,144,146,147,148,149,151,154,155,157,158,159,160,161,162,167,168,169,170,171,172,173,174,175,176,178,179,180,181,182,183,185,186,187,188,190,193,194,195,198,199,200,201,203,204,205,206],"categories_nodes":[1,2],"categories_segments":[0,144],"categories_sizes":[144,144],"default_left":[0,0,0,0,0,0,0],"id":3,"left_children":[1,3,5,-1,-1,-1,-1],"loss_changes":[1.0721482E3,2.883512E2,3.703499E2,0E0,0E0,0E0,0E0],"parents":[2147483647,0,0,1,1,2,2],"right_children":[2,4,6,-1,-1,-1,-1],"split_conditions":[6E0,NaN,NaN,-4.836482E-2,-1.302668E-1,9.72623E-2,-3.8980976E-2],"split_indices":[0,7,7,0,0,0,0],"split_type":[0,1,1,0,0,0,0],"sum_hessian":[2.400944E4,1.672169E4,7.2877495E3,6.0816465E3,1.0640044E4,4.0850508E3,3.2026987E3],"tree_param":{"num_deleted":"0","num_feature":"22","num_nodes":"7","size_leaf_vector":"1"}},{"base_weights":[-1.470757E-1,-2.948604E-1,4.3705065E-2,-7.573174E-2,-2.0524989E-1,6.082415E-2,-4.5798577E-2],